{
  "products": [
    {
      "id": 1,
      "name": "Rubics cube",
      "description": "Lorem Ipsum is simply dummy text of the printing and typesetting industry. Lorem Ipsum has been the industry's standard dummy text ever since the 1500s, when an unknown printer took a galley of type and scrambled it to make a type specimen book. It has survived not only five centuries, but also the leap into electronic",
      "imageUrl": "https://www.pascogifts.com/en/media/cache/resolve/square/files/migrated-rubiks-cube-3x3-0c92.jpg",
      "price": 50
    },
    {
      "id": 2,
      "name": "Rubics cube",
      "description": "Lorem Ipsum is simply dummy text of the printing and typesetting industry. Lorem Ipsum has been the industry's standard dummy text ever since the 1500s, when an unknown printer took a galley of type and scrambled it to make a type specimen book. It has survived not only five centuries, but also the leap into electronic",
      "imageUrl": "https://www.pascogifts.com/en/media/cache/resolve/square/files/migrated-rubiks-cube-3x3-0c92.jpg",
      "price": 100
    },
    {
      "id": 3,
      "name": "Rubics cube",
      "description": "Lorem Ipsum is simply dummy text of the printing and typesetting industry. Lorem Ipsum has been the industry's standard dummy text ever since the 1500s, when an unknown printer took a galley of type and scrambled it to make a type specimen book. It has survived not only five centuries, but also the leap into electronic",
      "imageUrl": "https://www.pascogifts.com/en/media/cache/resolve/square/files/migrated-rubiks-cube-3x3-0c92.jpg",
      "price": 299
    },
    {
      "id": 4,
      "name": "Rubics cube",
      "description": "Lorem Ipsum is simply dummy text of the printing and typesetting industry. Lorem Ipsum has been the industry's standard dummy text ever since the 1500s, when an unknown printer took a galley of type and scrambled it to make a type specimen book. It has survived not only five centuries, but also the leap into electronic",
      "imageUrl": "https://www.pascogifts.com/en/media/cache/resolve/square/files/migrated-rubiks-cube-3x3-0c92.jpg",
      "price": 450
    },
    {
      "id": 5,
      "name": "Rubics cube",
      "description": "Lorem Ipsum is simply dummy text of the printing and typesetting industry. Lorem Ipsum has been the industry's standard dummy text ever since the 1500s, when an unknown printer took a galley of type and scrambled it to make a type specimen book. It has survived not only five centuries, but also the leap into electronic",
      "imageUrl": "https://www.pascogifts.com/en/media/cache/resolve/square/files/migrated-rubiks-cube-3x3-0c92.jpg",
      "price": 500
    }
  ],
  "wishlist": [
    {
      "id": 1
    },
    {
      "id": 2
    },
    {
      "id": 3
    }
  ],
  "cart": [
    {
      "product": {
        "id": 1,
        "name": "Rubics cube",
        "description": "Lorem Ipsum is simply dummy text of the printing and typesetting industry. Lorem Ipsum has been the industry's standard dummy text ever since the 1500s, when an unknown printer took a galley of type and scrambled it to make a type specimen book. It has survived not only five centuries, but also the leap into electronic",
        "imageUrl": "https://www.pascogifts.com/en/media/cache/resolve/square/files/migrated-rubiks-cube-3x3-0c92.jpg",
        "price": 50
      },
      "id": 1
    },
    {
      "product": {
        "id": 2,
        "name": "Rubics cube",
        "description": "Lorem Ipsum is simply dummy text of the printing and typesetting industry. Lorem Ipsum has been the industry's standard dummy text ever since the 1500s, when an unknown printer took a galley of type and scrambled it to make a type specimen book. It has survived not only five centuries, but also the leap into electronic",
        "imageUrl": "https://www.pascogifts.com/en/media/cache/resolve/square/files/migrated-rubiks-cube-3x3-0c92.jpg",
        "price": 100
      },
      "id": 2
    },
    {
      "product": {
        "id": 1,
        "name": "Rubics cube",
        "description": "Lorem Ipsum is simply dummy text of the printing and typesetting industry. Lorem Ipsum has been the industry's standard dummy text ever since the 1500s, when an unknown printer took a galley of type and scrambled it to make a type specimen book. It has survived not only five centuries, but also the leap into electronic",
        "imageUrl": "https://www.pascogifts.com/en/media/cache/resolve/square/files/migrated-rubiks-cube-3x3-0c92.jpg",
        "price": 50
      },
      "id": 3
    },
    {
      "product": {
        "id": 1,
        "name": "Rubics cube",
        "description": "Lorem Ipsum is simply dummy text of the printing and typesetting industry. Lorem Ipsum has been the industry's standard dummy text ever since the 1500s, when an unknown printer took a galley of type and scrambled it to make a type specimen book. It has survived not only five centuries, but also the leap into electronic",
        "imageUrl": "https://www.pascogifts.com/en/media/cache/resolve/square/files/migrated-rubiks-cube-3x3-0c92.jpg",
        "price": 50
      },
      "id": 4
    }
  ],
  "posts": [
    {
      "id": 1,
      "title": "json-server",
      "author": "typicode"
    }
  ],
  "comments": [
    {
      "id": 1,
      "body": "some comment",
      "postId": 1
    }
  ],
  "profile": {
    "name": "typicode"
  }
}